<?xml version="1.0" encoding="UTF-8"?>
<project-private xmlns="http://www.netbeans.org/ns/project-private/1">
    <editor-bookmarks xmlns="http://www.netbeans.org/ns/editor-bookmarks/2" lastBookmarkId="0"/>
    <open-files xmlns="http://www.netbeans.org/ns/projectui-open-files/2">
        <group>
            <file>file:/Users/rafli/Code/Prak_PBO_F_8_Tugas_MVC/src/View/Dosen/EditData.java</file>
            <file>file:/Users/rafli/Code/Prak_PBO_F_8_Tugas_MVC/src/Model/Mahasiswa/InterfaceDAOMahasiswa.java</file>
            <file>file:/Users/rafli/Code/Prak_PBO_F_8_Tugas_MVC/src/View/Home.java</file>
            <file>file:/Users/rafli/Code/Prak_PBO_F_8_Tugas_MVC/src/Controller/ControllerMahasiswa.java</file>
            <file>file:/Users/rafli/Code/Prak_PBO_F_8_Tugas_MVC/src/Model/Mahasiswa/DAOMahasiswa.java</file>
            <file>file:/Users/rafli/Code/Prak_PBO_F_8_Tugas_MVC/src/View/Mahasiswa/EditData.java</file>
            <file>file:/Users/rafli/Code/Prak_PBO_F_8_Tugas_MVC/src/View/Dosen/InputData.java</file>
            <file>file:/Users/rafli/Code/Prak_PBO_F_8_Tugas_MVC/src/Model/Mahasiswa/ModelMahasiswa.java</file>
            <file>file:/Users/rafli/Code/Prak_PBO_F_8_Tugas_MVC/src/View/Mahasiswa/ViewData.java</file>
            <file>file:/Users/rafli/Code/Prak_PBO_F_8_Tugas_MVC/src/Controller/ControllerDosen.java</file>
            <file>file:/Users/rafli/Code/Prak_PBO_F_8_Tugas_MVC/src/Model/Dosen/InterfaceDAODosen.java</file>
            <file>file:/Users/rafli/Code/Prak_PBO_F_8_Tugas_MVC/src/Model/Dosen/ModelTable.java</file>
            <file>file:/Users/rafli/Code/Prak_PBO_F_8_Tugas_MVC/src/Model/Dosen/ModelDosen.java</file>
            <file>file:/Users/rafli/Code/Prak_PBO_F_8_Tugas_MVC/src/Model/Mahasiswa/ModelTable.java</file>
            <file>file:/Users/rafli/Code/Prak_PBO_F_8_Tugas_MVC/src/View/Mahasiswa/InputData.java</file>
            <file>file:/Users/rafli/Code/Prak_PBO_F_8_Tugas_MVC/src/View/Dosen/ViewData.java</file>
            <file>file:/Users/rafli/Code/Prak_PBO_F_8_Tugas_MVC/src/Model/Dosen/DAODosen.java</file>
            <file>file:/Users/rafli/Code/Prak_PBO_F_8_Tugas_MVC/src/Main/Main.java</file>
        </group>
    </open-files>
</project-private>
